,Teen births raw value
2303,11.535048802
761,22.010917415
1491,32.684824903
1228,9.8621161332
221,28.743654369
543,36.964021686
2306,15.781793692
2251,30.613054168
3033,45.884923525
693,14.244357627
1036,43.212775951000005
1566,23.843850505
2774,50.01359065
805,20.553271859
2763,48.589977683
756,30.54592721
2901,26.587716243000003
272,33.492822967
521,57.37704918
522,46.63318643
1681,25.613026511999998
1789,24.677848731999998
2997,34.269144589
350,39.589606334
3071,10.410160316
1833,21.188419332
2431,41.526845638000005
651,12.674317257
3064,11.629470288
2718,50.33557047
2043,42.586750789
1229,13.400343705
2418,15.30967293
2522,22.36525116
168,32.272473479
2628,52.845528455
1497,30.682117461
1977,23.703703704000002
912,28.112449799
829,13.828867761
2553,55.41732270600001
1558,11.375387797
2185,44.449248061999995
1374,15.592515593
2346,43.807919123999994
219,21.909818518
367,21.69855343
2162,52.501761804
2339,37.317224636999995
3125,51.251489869
2245,14.75565077
1455,38.891513148
351,30.358785649
1375,22.306833098000002
1736,30.579490689
2529,48.177292436
490,27.161724396
2819,15.752569398
2486,38.26162287
498,36.123951378
1812,46.20779096
210,21.348314607
2692,27.533689563000003
746,26.602819899
650,10.200651601
227,22.56940384
365,30.730548959
2254,22.486772487
276,36.802030457
2093,48.657586017
1407,43.859649123000004
2966,30.804998546999997
1406,48.158316175
1616,30.579490689
407,42.578591325
2409,30.579490689
1037,40.304396843
2897,16.666666667
2262,12.640256469
2959,15.587529975999999
2533,35.794922628
1425,37.487077296
7,37.049638955
810,14.697569248
2285,26.919032596999998
1468,58.27263267399999
415,14.421702006
3138,11.641443539
838,23.956194387
765,28.248587571
2993,31.164030261
199,32.403493942
3108,24.259198958000002
283,30.406104883
231,22.222222222
2421,110.23622047
2349,50.462080093999994
96,40.532771177
1505,24.285714285999997
2694,43.68752314
1674,26.496116948
990,34.697048162
1950,33.610122578
1506,21.33906053
2999,40.344271114
2712,31.797235023000002
1559,36.795252226
3097,17.63803681
104,34.250172771
2342,51.953202458999996
3016,27.597535934
2571,44.193700047
2297,24.583992169000002
1818,22.648514850999998
1055,48.179181437
2177,36.655948553
2574,52.631578947
744,37.643266476
226,11.67740451
1034,46.543209876999995
2045,20.342150660999998
2413,35.311866484
1694,13.698630137
2273,27.075812274
2365,10.566037736
2766,53.347280335
1822,52.53164557
785,36.678343293
1204,11.286201022
798,16.43295355
1427,59.05707196
1041,37.549407115
1938,24.157478676999997
464,26.079397276
2926,52.756372258
900,25.145067698
1263,16.091978249
1421,35.661218425
2563,40.47976012
2024,15.151515152
1763,36.691190341
2655,36.372501219
212,33.978728686
12,40.77082338
3041,33.133591822
422,13.593628361
999,64.801178203
1052,45.924225029
1057,49.671292915
1454,57.784911717
741,28.574872364
2768,17.125398189000002
2653,30.579490689
3086,64.180398959
1029,33.182372409
2134,29.295328583000003
1777,23.897223969000002
509,22.130013831
644,27.045103039
597,18.513323983
2706,27.390759009
2215,24.115252114
1446,51.079136691
2208,29.143258427
2772,33.677853908
518,50.825082508
2850,23.27901563
887,26.5625
573,28.997514499
3067,31.266017426999998
2857,32.936229853
1226,12.515644556
2859,55.321390938
2844,21.946564885
1272,30.579490689
1584,19.327129563
123,28.525296017
1307,32.401524778
220,20.891819547
3045,42.00286123
358,37.558685446
1392,16.100178891
2769,23.582845663
1983,39.889415482
1791,6.517178075
2978,21.714285714000003
259,34.185197478
2905,13.196288215
2407,20.481208988
976,35.528596187
2509,36.170978186
2078,41.134309754
1105,45.353366722
2802,16.755843424000002
1239,23.36492891
1949,22.419342598000004
1744,22.891566265
2848,9.4538420381
2441,33.850493653
456,33.152909337
462,29.202446771
3028,41.835357625
3007,36.995515695
3094,6.5420560748000005
1412,39.259674706
381,49.876678542
2931,56.20712547
1467,50.4
2591,53.672316384
1538,21.965748325
964,28.260869565
1476,64.016004001
1563,26.800347055
1587,51.712089448
59,27.172582619
2111,14.355261515
2851,14.411817691
1244,29.826229792
2244,19.016340267
2476,46.685178756999996
2403,73.229291717
2422,34.645669291
657,34.436643263
1601,20.0
845,17.544912576
542,61.237373737
2086,41.900545498
1402,50.639386189
2942,45.477289153
1963,20.009220839
952,33.854166667
2847,23.791821561
2570,42.592592593
1651,30.579490689
3135,23.945448779
1557,52.5606469
3031,21.238331762999998
2541,53.036615852
1431,42.030134814
2538,20.638820639000002
1866,8.2279373736
2823,19.362646228
435,44.364508393
2752,39.010466223
237,32.081815635
3106,17.770725902
2222,25.02755327
109,28.8677204
2390,30.579490689
781,25.24082429
2787,19.589494042000002
163,34.544638852
288,38.888888889
1161,53.210066768999994
252,17.316017316
1116,32.722255075999996
2120,28.340836463000002
2892,18.635465499000002
767,27.964002295
787,37.516921292
1441,47.16536669600001
2350,56.689755741999996
1271,24.664697294
1071,35.344095157
1706,27.417027416999996
1551,31.879194631
3066,18.066031345
1117,62.874603361000005
1032,39.650145773
1632,30.579490689
1364,12.899607403
847,29.157667387
2466,35.272172291
2516,46.348659946000005
461,19.049352885
1776,10.652838496000001
1926,29.916234543
157,67.063814424
1001,32.814371257
2354,22.120872819000002
1800,65.094871313
677,52.723692846
1867,4.0586540979
1027,37.348272642
238,29.525032092
978,35.398230088
2894,14.164305949000001
243,33.627797409
100,46.591979897
315,14.982197624
1177,25.766442484000002
2549,36.25974026
1025,45.470692718
1577,43.05644644
261,30.579490689
1264,28.089480924
2243,16.789962285999998
195,37.386659058
1973,32.200357782
1783,2.3949705618
1929,39.923039923000005
179,51.464435146
834,14.293006636
842,25.489303596
3122,37.321241715999996
1578,17.542081607
1123,63.543349488000004
340,24.975024975
1178,20.533166284
2944,31.400545591999997
748,30.863376347
1666,17.356241234000002
662,26.491259686
480,42.807871779
803,22.498060512
2246,25.239817581
2535,59.514608131
2849,13.34330964
2554,60.677170634
549,26.64870125
1261,10.679708554
783,21.973983979
2840,13.750537584000002
2067,27.490252590999997
742,36.979696554
2986,18.172197997
1948,35.245046924
1472,80.188679245
2990,3.312009437
2634,42.945560187
1769,14.398124895
2228,29.231625835
1391,30.579490689
247,21.852731591
871,16.159338595
1788,11.310364058
2183,36.107441656
2852,22.537696503000003
626,14.193984454
347,26.070883065
278,14.844582957
2744,30.579490689
2396,80.96740273399999
655,44.757665678
3136,17.478813559000002
1200,16.567863522
907,45.267489712
2753,50.870147256
2713,27.460096079
1134,54.027978775
911,23.774145617
2064,26.684164479
632,27.953843654
2357,31.638661495999997
445,44.193420531
617,30.752333882
1361,31.912896565
1780,22.416828219
1767,22.39496576
2313,8.981092437000001
1743,6.0694343287
844,40.105834842
2677,35.648160942
547,21.729799335
1972,51.99245461
2696,25.728785554
1503,32.258064516
263,19.542661428
1393,33.344792025
2469,33.579965851
2016,35.90371277
353,28.667099464
802,19.801980198
208,29.577303009
613,10.741521023
2194,57.205240175
1859,21.225287855999998
1671,32.870708545999996
1270,29.156327543000003
1835,31.79508669
1947,22.275258551999997
1675,39.681068051
57,33.208824559
3056,15.50295858
811,32.495344507
2659,37.337337337
2304,30.811232449000002
561,26.023727516
2408,64.864864865
229,14.854038009
2632,45.000723484
1914,40.254343364
1657,30.579490689
538,23.339317774
1381,18.022938285
1196,11.949215833
1820,32.607225003
3017,34.015798806999996
560,30.319209794
707,36.575088488
1042,48.285852245
424,24.06159769
647,26.95107932
1962,37.140769605
1322,20.099079972000002
1188,19.771393265
1426,45.97915115399999
1005,59.860448035
620,36.892758937
1336,11.157601115999999
553,23.427807997
2794,23.06705703
2013,30.579490689
998,53.864168618
2968,13.346043851
1749,13.545072395999998
2878,28.858218319000002
3126,26.625386997
2033,30.579490689
440,64.591078067
508,22.935578652
589,52.774755169
1235,24.674434544
649,9.5890410959
2969,11.04991907
1885,25.13726836
1918,30.528309354
2032,76.803723817
1837,14.699545127999999
630,28.005464481
1952,24.716786818000003
482,46.528274875
2536,43.679198927
2688,45.128939828
1216,40.22984189
2876,12.687427912
2031,30.579490689
1720,18.867924528
856,23.446658851
530,27.231059585
3100,27.556940265999998
49,42.157235093
858,30.997304582
1072,54.382022471999996
719,38.776624795
2471,30.973451327
2738,30.579490689
2362,30.579490689
1447,39.870448961
1628,42.748091603
2236,26.888291370999998
1437,30.745062837
2345,41.044032676
2950,46.05263157899999
1731,9.4400343274
2181,49.667178699
2583,16.396702387
2249,24.829208089
2758,20.665593129
2875,17.066085694
297,35.225048924
2157,35.44575725
2401,12.173054779000001
958,35.470668486
1912,36.60233003
1345,18.811881188
2691,37.906976744
349,26.505142485
1999,25.745257453
643,15.546533041
1995,33.973412112
2953,52.409748946
669,31.64160401
2089,25.451362911
1149,42.513624506
1891,30.87431694
2499,47.231270358
3013,60.373742213999996
2679,47.277936963
1710,30.579490689
786,29.116465863
2825,29.041626331
140,46.278924328
788,25.599349858
1721,30.579490689
3130,20.93244529
714,19.724712716
2609,30.579490689
1713,30.878568803
2973,33.204974433000004
1198,9.4072227924
618,40.151515152
406,34.266497001
1292,32.029152282
1278,28.735632184
1192,14.544593154000001
2371,30.579490689
1775,4.3910891089
497,24.96099844
342,50.042408821
2042,43.205910697
2382,30.579490689
782,22.793687902
1626,15.835312747
303,17.386722866
2891,16.295707472
664,20.853384665
1809,44.726503475
1620,30.579490689
1846,16.884855698
1624,29.309344167
84,69.938176198
2325,20.4013734
941,34.816247582
961,17.982799062
841,13.688584698
1483,12.058954890999999
2494,31.863814928000004
2855,18.326693227
1413,31.749325585999998
290,30.579490689
2107,27.156933429000002
1871,12.454022562999999
604,13.418028692
2614,55.497570632
916,57.109420714
1385,14.519056261
1817,41.807909605
1099,40.445942441999996
1088,41.14026563
2206,37.360504609
2643,49.600837587
821,20.769072589
2589,37.40490279
1000,20.913076762
2098,30.715532286
18,45.273631841
2291,13.923694214000001
1125,48.250265111000004
1350,8.4745762712
2161,50.05520795
2242,30.579490689
1714,23.333333333000002
2221,24.499719469000002
1811,84.841441142
1653,26.714893077
2121,30.838151795
3124,32.0056899
1009,54.321966693
360,34.763350838
2682,23.399014778
2005,16.282225237000002
1588,35.836734694
1323,5.506824529
1395,7.5967663322000005
1746,24.630541872
344,50.011088933
986,22.282241729
2960,30.861416471
1988,31.320754717
1474,38.461538462
1268,28.191770899999998
113,38.676537241
2579,42.361557876
2015,30.579490689
2780,28.701767725
85,65.373961219
2168,43.269230768999996
668,16.994158258
1014,50.0
128,59.299191375
2490,32.793867121
2647,62.228106677
891,38.503850385
2020,59.572301426
307,33.124440466
383,24.509854108
2673,30.579490689
2880,18.636003172
3088,23.17123857
426,57.302720432
494,5.5626872058
1207,12.23224561
1747,33.833871887
1208,23.719748501999998
2551,56.210691823999994
2309,20.462931902
1398,7.1338648762
1448,40.99636741
275,30.579490689
489,38.781163435
1883,11.203592960999998
690,40.33970276
1465,45.71266326
1765,15.99808978
2009,30.579490689
2406,18.390804598
3059,10.262790911
2184,50.656660413000004
1058,54.780361757
118,49.875754349
1024,61.615320566
1488,34.925160371
281,21.233569262
1667,7.3928043371
2451,27.038565533000003
968,13.318715231
1283,29.379360999
2739,35.36977492
2639,53.090633295
155,50.447227191
304,15.862524785
2248,22.219925589000002
2676,46.587215601000004
1886,20.546917962000002
2620,45.267489712
2736,73.81001231
2002,23.170731706999998
575,24.658447184
2059,36.744285409
2697,61.579284473
2751,49.443437743000004
1927,45.905707196
1320,7.9320379236
843,11.660018411
2951,4.7104164436
269,16.420361248
629,24.509803922
1033,48.217668331000006
286,41.906958862
2323,26.709222241
300,30.579490689
1507,26.244952894
2012,30.579490689
1861,19.060523939
1793,15.530580197
65,40.361864997
2332,54.323725055
890,24.707174231
1660,37.084398977
1965,35.110323724000004
1925,31.432153619
1362,16.866080438
230,25.965524765
503,36.172396101
1351,27.159152634
2155,50.94537815100001
1609,22.924411399999997
1373,19.173239054
1004,35.834266516999996
836,13.409961686
2373,21.520803443000002
374,11.262183635
1397,11.66558652
2218,30.579490689
1985,38.538501445
2004,30.579490689
2176,46.209761163
751,26.803088318
99,54.686711734
1916,21.411282815
866,29.552266767
910,9.324009324
1475,53.869912791000004
529,33.579583613
1260,27.787396121999997
1864,25.985563576
636,17.977928088
1269,22.198150917
185,51.449571254
2870,26.031746031999997
1565,14.864608976
931,19.886363636
1771,6.9336725197
2411,24.523160763000003
1556,6.4133709066
2517,23.471427586999997
1273,41.476985331
2383,30.579490689
607,39.940828402
1801,30.579490689
151,41.636230825
2687,54.889338308999996
2252,7.8822987968
731,29.526462396
1494,53.206159504
1978,32.915360502
2861,9.0019261763
23,43.062200957
1849,21.41075388
158,55.05107832
861,34.658187599
902,28.162911612
2179,45.756536648
1230,13.254325574000001
2369,87.971274686
444,7.7349620284
3075,25.487853445
754,30.647985989
923,30.579490689
3111,13.424625918
2210,12.114958785999999
311,5.8109112941
548,30.579490689
2099,29.273686000999998
1621,40.901373669
306,26.87820148
287,31.738885763
694,34.463502194
308,9.9873301586
2436,31.949374904000003
749,8.354563165
1689,30.579490689
1922,48.811118553
3011,40.321459359
2564,54.354539839
908,25.361460062
86,79.33662035
2496,27.272727273
2257,3.7303785780000003
2616,26.446324144000002
970,30.579490689
13,41.796200345
873,4.1511000415
808,38.70292887
2720,47.802197801999995
514,61.302681992
2530,32.492581602
409,33.453313572
1804,39.050664871
1337,26.172671652
2375,28.748890861
2621,44.289044288999996
2707,46.646106399
2908,42.391304348
1582,52.042740415
382,48.380952381
2356,38.240917782
2298,16.832579186
1370,27.9971285
3131,36.106750391999995
1842,19.420256645
2053,27.997769102
1512,39.41730934
552,15.479876161
222,19.729808259
1096,60.544611818999996
2724,43.774319066000004
8,49.574866695
1644,30.998851894
316,23.153172708
1328,26.180990324
427,24.149034039
2364,78.0
105,49.040356126
1808,67.937324602
142,40.360818781
121,58.729139923
2487,33.866586176
3001,55.418109847
1189,27.270089933
2316,31.28222757
2726,45.717199183999995
1525,32.39608802
115,45.491691637
1567,24.923547401
1414,67.233045261
3074,10.447562973
2932,7.9073707992
3087,33.98995402
1779,39.772727273
2526,45.590605572
672,13.232514178
2728,44.722719141000006
1814,53.58917514
1718,19.347037485
591,20.853080569
1562,40.830945559
888,29.004189494
1951,53.116621984
1877,17.87246211
2803,18.057838989
213,15.912339209
778,33.063379441
3077,16.482222745
800,12.508451657
2602,31.028368794000002
1611,21.749408983000002
3030,31.452820769000002
2399,12.732615082999999
2792,30.579490689
1684,30.579490689
2843,23.220973783
1343,16.268605054000002
273,30.579490689
71,45.871559633
2289,8.1166197719
1087,49.796747966999995
394,35.825878526
583,6.1966771441
2506,41.369340144
2118,26.934822025
2123,22.85803141
500,22.892597347
2860,38.808417600000006
2335,32.942145357
3120,20.04076087
2873,23.749606795
2512,44.444444444
1259,20.362212433
3054,9.8297349482
1936,36.227301473000004
205,40.231231935
733,23.020368808
2920,35.092418966
526,47.864506627
1533,15.977857457
898,42.625745951
377,19.123126672
2834,23.214913823000003
2812,14.972419228
1608,31.152647975
386,44.023772837
198,42.667523014
1050,50.210084034
590,31.553398058
519,40.633245383
2813,15.435310440999999
2405,30.579490689
429,58.195153061
1083,46.575342466
207,23.316912972
491,47.934063551
1889,13.022323984000002
3049,21.467514766
792,33.545647558
2615,37.742442775
1186,14.780950244000001
1185,21.986483018
2528,34.852546917
1498,22.378152854
2344,36.944551159
1410,38.790644609
83,22.236476374
2818,21.757026932
2338,25.51162661
20,41.162227603
1536,31.420956655999998
1702,20.607375271
1740,72.718154463
1405,54.21363392399999
2096,21.13271344
3085,19.65146459
2095,34.621068187
973,29.62962963
2924,11.243243243
883,15.470562957
1098,26.962727994
156,56.346109709
2392,30.579490689
886,15.0
3140,27.649769585
2322,27.657405046999997
2600,30.579490689
2258,8.7347240693
2658,50.938337802
2029,70.33144704899999
1868,15.981912054
1453,12.372037007000001
2778,25.337455697
458,18.611601685
2071,14.701384945
78,21.445067634
3051,20.877210577
1056,45.032657271000005
906,27.354765933
1745,30.579490689
2610,28.53745541
2827,19.026489176
380,41.334478106
947,29.458598726
1904,11.101973684
2112,39.570102589
715,24.91562438
2102,36.196100392
686,48.714637868
3006,29.659465396999998
1293,10.969712207
305,22.571148184
209,34.113584037
1655,10.332103321
2333,23.34563062
3116,27.083819753
1716,12.853470437
885,31.890303624
2781,30.579490689
917,30.736357659
2129,11.535981275
1945,36.16636528
191,30.499428136
2234,16.102486544
2957,26.639004149
1265,36.393910561
483,36.948176583
915,51.990722845
2725,50.35971223
277,35.003431709
988,30.579490689
2229,27.296057236
1245,23.147283928
2864,30.579490689
571,20.046862796
1435,24.646611091
993,26.218683239
1642,23.937469468000003
2626,33.138401559
585,27.392301195
3078,9.2806103567
1754,46.934140801999995
3134,23.308698124
1349,16.642547033
1007,26.026770392
674,39.150630392
1882,5.2556251613
855,15.821058374
447,43.485946615
1583,42.692939245
2212,19.27553776
1844,24.897079004000002
2374,8.0110922816
2805,28.176001642
2501,34.007292012
2800,33.890271359
2801,11.772344112999999
2611,57.030909881999996
1247,20.815476919
294,45.173267327
1547,25.669642857
588,31.670042349
1281,33.770273273
1586,32.292032291999995
3037,33.541598159
2287,27.726831373000003
1590,32.967032967
2755,69.991180951
1417,27.307889464000002
425,27.91103358
534,73.975667739
1054,37.709976003
2379,21.759697256
2627,19.446240034000002
2929,23.9020658
132,33.263638092
2040,25.947816059
2028,12.342957902
421,54.995508534
2788,25.477707006
2378,27.149321266999998
1756,30.46728972
1368,14.15109827
556,31.121751026
2907,40.462427745999996
1656,30.579490689
2809,5.958168690700001
570,34.591747147
352,29.734970911
91,40.110650069
2230,46.186440678000004
2657,30.579490689
1170,60.202295273000004
1659,14.876033057999999
1285,25.592216582
1894,34.866624659
3098,28.429561201
1612,25.960264901
1591,28.841887295
2131,61.379182843
697,28.578094016
2629,43.28673793
348,51.679586563
1742,9.5367847411
2462,42.379625945
2550,39.842504921999996
2279,17.611456149000002
1137,44.451551007
2188,54.384858044
2475,75.845974329
2971,7.331721394600001
2955,27.887259395
1339,14.598540146
3084,18.970189702
453,16.989962325
913,18.341089515
1199,22.916120003000003
1274,16.391838332
2054,38.589850516
37,42.12004212
974,36.231197748
3113,7.2849053998
983,30.665669409
2866,14.481654250999998
2114,32.307692308
1418,31.831074693
1284,16.310574914
1829,15.30847905
39,40.401104491
1486,36.034318398
2419,22.222222222
169,39.253539254
1355,17.463371319
737,23.077595501
1732,43.066965397
2831,10.494965253
1564,32.074936134
2816,16.807334109
634,21.140609636
2921,19.480519480999998
2084,22.026167327
1640,93.75
1290,27.590847914
2453,28.808971384
1380,15.717092337999999
579,8.9203322055
328,32.451697618
2548,40.533037201999996
892,36.539069915
1143,20.213426684
780,34.268822306
159,46.658986175
1726,29.795918367
1840,12.493259033
2440,38.504002208
61,46.453006842
849,13.808340238
2238,21.130067303
3029,37.721893490999996
2087,23.075598416
1596,48.057768923999994
1043,48.145738451999996
2618,44.295302013000004
1544,44.135188867
2933,14.688278495
1913,43.080108296999995
1070,39.031272043
53,36.141636142
2562,41.079812206999996
258,19.53125
505,28.563101137
752,28.368794326
2410,26.141468490999998
217,18.479248713
824,35.02501787
2037,30.579490689
3139,31.79867343
2389,38.306451613
1389,17.184035477000002
2976,43.006822612
1266,25.025025025
2586,60.686015831000006
2603,41.210887815
1598,12.723658052000001
2153,35.9085963
1607,30.579490689
2465,44.867105583999994
771,34.081954295
2937,29.849712584000002
1954,16.158518605999998
2815,27.282648236
1085,9.716307803
1911,29.361942405
1711,30.579490689
1325,31.777956557
2227,15.644585294
1737,16.517549897000002
2320,23.271130625999998
1831,16.954437386
1403,46.786182772
1869,17.005659214
2270,32.478632479
1907,30.811586562
1163,44.766293614
963,36.796536797
3039,31.556039173000002
1850,37.444638304
398,23.378264532
584,45.373489202
948,22.142121524
704,21.794871795
431,49.723756906
1688,30.579490689
292,29.136316337
145,49.236662723
323,49.292661362
2715,40.372670807
2216,16.538902638
1165,42.768417169
1452,44.280442803999996
2,45.092838196
1712,30.579490689
576,20.444083401
2416,58.205335489
339,39.277522936
1980,47.887055232
2798,10.102107321
925,41.237113402
265,23.568190109
376,25.261273746
2461,50.040355125
1463,73.170731707
271,30.579490689
696,12.422360248
3114,5.9559586908
244,30.353612593
2948,20.61205174
476,29.655172414
2846,19.36829559
1915,35.471311751
813,12.314356436
2186,48.99040053
2661,51.208337076999996
2918,15.490345805999999
3137,34.261671008
1164,19.504310345
2281,24.539462565
250,8.6643685075
413,58.846453624
545,39.720107018
1193,25.210565519
738,31.503963078
310,7.431216251
1878,24.783671934
893,47.914818101
1131,31.566753548
1449,40.627885503
3044,35.273368606999995
15,29.525144559
2103,28.814935065
721,30.365296804
1420,58.725144025
2762,66.28958724399999
981,32.786885246
2211,22.43456585
1539,26.743737958
2654,30.579490689
1550,30.494821634
2540,30.295116218
363,19.274264923
982,30.736240172
182,30.010416839
985,24.549918167
2127,16.228237829
1194,15.988128152
1967,47.735132377
2140,55.744017603
1121,46.854397341
187,30.579490689
619,28.381813047
1795,29.39308904
1175,28.17476521
1182,17.965694816
2500,33.7221841
2312,13.770134819
614,29.234478602
1513,33.713692946
1466,32.468744169000004
401,23.478795329
994,39.316639363
934,34.303534304
371,22.458352549
2821,6.2238180729999995
2276,28.92247472
593,12.616201859
2080,11.919340354000001
726,16.983134804
826,9.9426386233
1862,12.202230599000002
687,36.016007114
2984,20.118386170999997
136,43.983795444
2664,66.009104704
628,21.058464949
334,31.16008932
1805,36.114570361
390,36.474164134
2425,35.849056604
1109,53.087349398
2649,52.582451773
2830,25.024061598000003
710,29.806065339
1039,35.915315467
2066,42.864181310999996
2051,20.683072745
2721,13.431278797000001
1561,28.686581318
2890,9.6059596158
1594,38.961038961
2983,14.568605983
2644,34.482758621
1112,18.73828857
465,27.719298246
1560,65.720174033
1223,24.804928826999998
2515,50.534499514
3107,15.580057526
2464,38.788942519
1508,23.694731891
2358,35.517326529
1104,39.473684211
660,22.348127164
2817,14.361613814000002
338,41.28
215,15.434858516
1615,58.201058201
1341,9.355509355499999
2638,35.18568964
2472,31.213872832
2995,39.745031871
1592,50.530869052
2961,28.959749085
1873,9.1041810292
2646,74.918566775
816,12.676743052
1067,48.632218845
2132,31.536113937
274,12.822002019
2359,49.380499191999995
865,24.291902034
101,43.596730245
1501,22.356085351999997
2260,25.697503671
171,51.787222066
107,31.548931918
2209,5.735660847899999
1521,26.055252549000002
3128,15.748031496
1826,32.078103208
2314,21.354779236
2108,51.969276025
1961,27.687296417
2144,18.016185509
2115,41.452915856
2366,7.5349838536
2456,43.439911797
2700,44.060520514
1956,54.355651548000004
295,34.247861185
712,39.698836413
72,30.579490689
1524,45.825335893
2886,31.901041666999998
2686,34.391534392
3022,11.548054255
481,41.971505583
2330,45.37671232899999
1530,36.041980677
2678,30.579490689
1872,16.061019472
1514,26.548672566
3099,17.941952507
1762,35.087719298
1490,36.51953001
1171,44.615835205
2980,8.0064051241
2030,30.579490689
2665,32.997481108
2178,59.309079792
2328,40.437998271
2387,33.333333333
405,55.088702148
757,32.335329341
2605,52.408681842
2295,10.049474335
2063,6.9214762896
97,36.513720532
1333,13.929193267999999
2505,40.181672455
743,39.834728255
806,30.192131747
2903,11.03565365
2073,27.802838595999997
2622,42.322345536
1535,54.329147389
2452,38.105318867
2213,28.667331941999997
2459,44.774944917
148,39.435248296
1971,48.435640792
2302,20.33271719
2561,28.75399361
1315,12.057856673
692,30.801315473
818,17.986855759
1728,30.579490689
1386,11.843876178
1845,28.294332236
2397,30.579490689
2159,64.95726495699999
1599,85.144388211
2477,40.934371524
2577,75.697211155
701,39.682539683
1499,22.024367385
2786,33.918128655
921,44.075829384
1424,38.680318544
1708,16.703627333
905,36.606560939
454,32.60650111
2250,26.584867076
2426,28.65448505
2420,30.579490689
2232,30.135088327
167,49.704142012
730,40.343689541
2269,34.885077587
1310,30.678431602
2414,30.579490689
26,47.993807251
2092,28.343200065
1897,36.220472441
1652,30.579490689
1622,24.229862054
587,28.658125421
1401,50.941850941999995
997,48.068576389
1176,50.0
1700,14.218009479000001
1040,65.796728543
33,36.264991433
2010,30.579490689
2484,31.243897676
1379,11.18140356
41,25.600505689
1876,25.239107333000003
1991,13.20754717
2869,16.579406632
2775,78.876678877
2272,29.199475065999998
2011,30.579490689
1992,94.070695553
609,16.806247171
1132,55.232182124
28,42.693926639
441,34.068627451
665,19.579951468
2271,24.518495873000003
493,28.694607393
1258,18.068294839
1301,20.346320346
2663,36.758563074
2481,39.353478566
1382,14.707394837
1304,23.631664158000003
236,23.297806747
551,14.219191751
520,45.021961933
2329,33.665105386
1232,16.282225237000002
1138,32.568208204
1905,21.94696151
720,24.814814815
735,32.496307238
2783,43.674995081999995
1750,36.310649023
58,15.588382993
631,24.485036922
1181,17.275470913
2315,5.7831678095
592,33.636021708
1303,28.341687552
1387,22.609340252
2743,40.404606461
2759,23.308668076
2871,47.872340426
2341,29.775489624000002
939,27.020357804
2923,26.742301459
1249,11.276208375
904,30.579490689
2668,52.832063597
1279,19.138755981
2749,28.288285302
3015,73.64016736399999
3046,44.708029196999995
2503,55.372581309
2585,63.037249284
1142,46.02917342
2497,40.810502283000005
706,33.535266119
2770,61.475409836000004
1022,40.640856981999995
745,38.519061438
1546,27.66377869
1939,19.102125762
2473,48.654244306
2148,44.622044622
2069,34.642377184000004
513,39.687811358
81,96.399099775
2791,4.375
1308,21.427704261
2737,50.537634409
914,13.118062563
1404,43.788437884
1647,14.221556885999998
2893,41.46463802
1108,57.56097561
150,35.834738617
2858,22.93064877
774,34.151034151
329,19.941526364
6,42.14559387
2001,27.855153203
943,25.739764897
822,20.517144463
734,34.826844062
909,14.864864865
468,48.532731377
181,51.690507152
164,77.5390625
1523,42.761148442
451,54.000361206
1311,7.354085959500001
1111,70.163004961
1287,31.430404105
327,24.788632641
1790,24.112231476999998
2785,23.457862728000002
2007,13.809573253
1858,12.650019907999999
312,14.78671629
832,24.727110715
1201,37.588775333
2430,49.92
3095,16.602949208
2439,25.284450063
1481,49.882168107
777,30.284675954
799,34.818420067
54,18.925786384
1920,40.067032297
2711,73.11827957
2956,27.359118697
1701,28.747433265
2941,9.3959731544
987,30.579490689
2263,21.044755179000003
1394,14.09159537
768,46.62004662
2782,14.480636358
285,42.63138552
3053,20.538243626
428,26.826608506
2079,32.632919451999996
722,35.269993165
951,27.297543221
989,30.579490689
2927,15.947737535
2310,22.687153347
326,45.737285035
1383,8.486985625900001
1724,29.592929834
1086,36.60130719
341,36.685369012
147,56.59025788
2761,25.691291786999997
1107,27.017783858
848,15.980823012
966,24.734982332
2584,51.338199513
661,8.837337752
1002,45.639597172
2457,33.866350115
3032,48.410197651000004
2784,20.438498699
1879,11.522567657
2952,29.228193028000003
1203,28.343516633000004
1990,30.579490689
24,42.365852102
3083,15.626070866
2130,30.059271804
3023,39.419087137
2415,30.579490689
875,25.0
2826,11.222301644000002
938,30.579490689
2630,57.101744853999996
3112,20.632737276
385,35.569517633
2631,39.128281326999996
2308,14.214460317
2463,43.971076803
936,15.873015873
2705,44.500723588999996
3062,19.717102442999998
1332,10.610684536
1934,28.624798061
935,19.78021978
566,38.356604076
1854,12.229255479
2545,30.579490689
1645,14.418125644000002
2226,26.657552973
1792,6.2355931202
1430,33.792
2437,34.106537085999996
1013,60.64516129
1928,24.575775306999997
3089,14.806838067000001
126,38.412849118
2881,14.264990329000002
1347,29.297564419
355,12.064150478
827,18.510356985
1639,36.372007366
984,25.882352941
362,18.396674256
345,23.198509526
2163,55.003548616
2666,35.921205098
711,20.684798873
2166,57.765876051999996
10,49.344978166
2534,40.638606676
2116,27.324343505999998
1834,26.590950063
793,19.230769231
2898,18.079800499
94,30.579490689
129,50.93422063
2353,34.873779418000005
3042,53.952321205
1900,22.157914748000003
2902,42.398839271
1932,26.93832456
2256,22.08599261
1865,24.141469008
1658,30.579490689
516,35.885167464
1857,7.6518914788
1277,7.103677726799999
950,39.179351423
1120,32.564292105999996
419,17.75591864
922,18.518518519
2975,35.399836616
477,22.655298417
2035,30.579490689
2288,12.338287180999998
1692,30.579490689
3119,11.325129302999999
1471,36.049026676
1202,11.656609984000001
1669,33.789954338
2909,27.626863946
1970,37.406123628
2151,46.407853636999995
820,27.241770715
1997,21.276595745
3004,39.011077219
1248,39.308176101
2992,31.601123596
2190,14.699847032000001
2741,75.073313783
1046,50.481776288
1888,13.920240782999999
615,20.98540146
1318,17.666497204000002
3021,67.997367844
2136,53.975903613999996
2580,70.357142857
1772,9.4817175013
3090,21.889400921999997
131,52.949538024
77,17.046248428
2052,24.278963663000003
724,35.357981221
1314,17.090770984000002
1851,19.939059629000003
2412,88.397790055
2608,32.512116317
1372,17.632241814
1855,17.947717519
1319,17.167381974
3010,18.780059547
2282,24.21313328
375,23.741118585
1908,19.968514375999998
333,44.254658385
2367,20.765881434
2417,30.579490689
1604,36.262290975
1118,45.248313918
2963,44.995531725
1943,39.832958561
2377,21.877205363
2645,43.865924516999996
1342,24.049650892
320,13.990766863
1619,13.926499032999999
2566,36.734693878
2060,28.179214181
2219,19.011406844
1673,13.533834586
1942,39.034296029000004
260,34.449964892
2470,37.459283388
2039,32.50222618
689,23.191415715
901,25.175644028
2026,15.138772077
138,53.545129392
1917,19.66056125
1828,12.027287205
1573,56.544502618
319,30.530998935
653,22.288414133
2137,49.095090491
2438,28.072577884
558,8.7897227857
2187,27.865859518
112,49.06749556
531,52.254456484
224,26.216748611
723,28.811830699
2547,38.163001294000004
3036,43.312101911000006
1433,46.511627907
2578,73.659398939
2513,33.642691415
1458,51.983584131
2833,39.839639188
846,27.151051625
193,44.013069383
1464,45.415595544
946,24.040920716
2021,30.579490689
1629,14.304492384000001
117,30.864197531
645,44.128646223
1870,12.205531735
3,45.454545455
74,27.902878402
1755,8.064516129
467,47.619047619
5,54.593175853
1246,25.778732546
919,30.579490689
228,13.044715132
1063,45.885540129
242,10.923902981
2525,45.806266718
1160,29.73727264
2637,59.670781893000004
1526,24.064171123
1605,30.579490689
3129,32.373366013
2443,43.705836168999994
2669,52.855924978999994
1989,38.941736029
2468,45.92860008
1975,32.750255363
1761,27.932601612
1305,37.366678926
1541,35.640138408
622,48.892759393
2429,42.637862422
1493,44.76605457
110,44.882558622
2275,12.169350725
2380,14.606741572999999
1169,39.480558251
2581,81.88976378
232,27.891320029
66,44.988953605
2839,32.501889645
2072,34.206180703
2192,36.816343903
536,50.248874141
125,47.344110855
2133,54.33609211899999
1254,15.560314061
2606,29.434708718000003
1976,61.918511388999995
2582,45.085662758999995
2442,56.969346443
2075,26.909168261999998
484,43.454038997
1654,26.572187776999996
2806,8.5129505524
2381,82.48655110600001
2674,36.36168998
1774,20.464308123
918,67.514380866
1646,30.579490689
1026,21.20522182
1030,54.290718039
882,26.288240084
1335,18.027210884000002
2334,29.747832939000002
364,26.141649741
2125,11.67122871
27,42.264321155
473,47.516401125
525,16.483516484
725,7.3051948052
55,42.235337514
638,27.922385234
302,24.719101124
2828,26.159334125999997
1276,25.783007441
2764,35.003977725
624,34.161490683
2055,24.007941088000003
1280,14.902366652000001
1049,28.225806451999997
336,20.999236391
47,48.367296833
106,27.123938298
1079,50.043898156000004
2286,21.869688385
2261,16.296809986
1144,34.555387349
2592,29.691916673
2296,37.463126844
1836,28.106095859
1753,41.592242919
1101,41.240262716
1968,32.245969254
523,43.373077588
2280,25.66255576
1428,66.666666667
3103,18.587643788
603,39.631988677
1489,35.561877667
2467,44.090215363999995
60,35.941156804
2882,42.704626335
671,44.866264021
92,18.266978923
666,37.062839627
1887,9.7264069788
280,39.93344426
1719,24.419297201
359,31.915062449
899,33.632286996
1935,28.931875526
1994,15.082956259000001
2428,36.618942731
760,16.607058
2158,65.839694656
2750,50.6592644
42,36.201022147
2173,49.247606018999996
204,21.482461287
1473,50.252073508
2100,34.66490591
68,15.220700152
1875,11.431184271
2495,41.042345276999995
2231,28.761770545999997
137,34.97212367
796,18.680899733
2180,41.505451987
2128,31.523642732
758,45.639534884
541,42.777977116
1019,55.45112782
2404,19.247594051
165,35.905271199
248,43.541364296
1331,24.473203916
2017,23.555804823000003
446,23.983936973
1358,13.374485597
2145,42.424242424
1329,30.579490689
3047,26.739690722
2150,44.398819453
434,24.778610354
2122,15.942825727999999
577,52.23880597
2507,40.086935523
2874,40.389972145
1848,17.287234042999998
762,26.872088857
388,78.017664377
235,29.116962736
2732,50.896669513
1984,5.8230169647
267,34.159517
770,26.507054297
2165,43.975688237
437,26.483819475
673,32.252470955
249,28.540065862
2201,44.976635513999994
1574,11.370908757999999
2142,65.03816793899999
2081,29.101099375
2745,79.95658466
2972,23.050514958
2872,6.8463429921
448,39.37007874
1469,27.933613838000003
716,38.426068245
2514,50.436205016
2742,31.60288549
2048,26.49861056
1901,34.818863035
1168,43.458578542
82,27.160493827
2542,31.367955226
1460,62.12857914600001
1893,42.637862422
1668,22.326674501
2000,15.860428232
475,57.317359643
517,71.146245059
404,47.916202362
384,25.930291295
2552,30.825323169
2152,40.697674419
1633,31.630170315999997
2994,55.543687246000005
688,18.967540086
1240,23.418491484
62,22.370903556
852,39.636570131
2884,38.95184136
2887,26.417334521
1262,18.306994211
223,9.4672960216
2193,41.769323326
373,49.557148882
1824,35.558654349
2730,76.280041797
3102,9.2454671529
2723,48.878504673
3079,15.514425694000002
9,41.122588189
1944,24.827171626
1838,16.244839347
708,38.366336634
255,32.200357782
1617,30.579490689
389,47.545419405
1581,19.392917369
924,39.834024896
2036,17.24137931
2519,19.64849921
1224,2.5225479143
1946,35.69690086
739,29.148102421
40,17.594116767
868,19.924098672
539,44.104410441
2633,33.188742056
1371,24.426350851
1145,69.68362034399999
1031,47.355163728
372,32.829508173
667,35.133717881
357,46.757164404
967,28.605015674
1353,15.023474177999999
1035,48.525569241999996
470,17.804590936
1396,44.837980406999996
2748,38.17966078
1549,67.702110713
1256,25.261860751999997
2094,11.046962085
1555,37.329127234
2714,63.725490196
1250,27.302511831
1699,30.579490689
1252,22.517321016
2915,25.069316081
79,24.478041757
1172,48.98865895
814,16.306954436
1852,22.353714660999998
2220,32.061068702
2757,50.139794967
2105,32.941176471
133,26.978359433
1140,30.002272899
933,10.90494405
928,37.996545769
823,29.229406554
1531,44.841048522
1214,22.175026548
504,51.044083527
3105,18.106508876
2395,30.579490689
1996,38.25136612
2434,49.224116001000006
1958,28.827977316
1384,12.082932857000001
894,44.960474308
828,24.065864471
3057,15.367727772
2523,49.492775898999994
1683,9.0264345583
2699,68.615384615
2683,56.47761194
2635,40.413997043
652,38.581813751
172,79.574160953
38,23.723874141
2996,21.095413199
713,31.130749146
90,30.579490689
3093,11.126564672999999
1205,7.1567451289
2595,58.716707022
2710,67.083086931
1827,31.697009103000003
1155,46.773238603
1324,39.50617284
216,8.876778686
510,51.198257081
1680,28.771760155
499,51.39851781
2601,13.347158616
1856,32.251980385
1388,5.1020408163
1519,29.620090148000003
2386,17.262638717999998
3123,36.926147705
2076,38.397328881
1540,36.969253294
1217,9.3263080781
1416,53.143374038999994
2217,32.548546131
2642,39.871382636999996
1676,8.7201125176
1197,25.139265819000002
1542,51.065393093000004
2539,30.579490689
953,20.780322307
750,39.049235993
234,13.300884542
732,47.846370836
3133,18.357335021
1156,38.139737042
2698,42.416016288
2445,49.207329627
1209,12.722891566
1065,42.03661507
2156,33.964783443
1062,39.422543032
1167,42.240513953000004
1492,12.89009498
2596,35.758133824
884,6.148686417
143,39.754098361
3080,29.00886382
850,21.673690548
717,48.588709677
3019,52.648631136000006
2502,23.313766752
264,7.893852872
75,30.579490689
2492,36.090930396
395,61.687413555
2670,47.018348624
2224,27.220447284000002
2934,41.951961743000005
396,56.908417152
1365,9.6065406234
2623,37.681452876
1903,39.96009858
595,27.72418721
2109,10.254941277999999
1296,14.629049112
1821,28.355186014
872,14.778325123
3048,24.254251464
2326,49.506465682
1548,40.204816992
36,31.873225523
2650,48.293391431
2143,46.004842615
2681,59.549745824
977,21.739130435
1571,32.677165354
1122,43.951369142
2239,9.9547511312
2504,44.360385144
1892,40.579710145
675,34.818277211
728,12.825369338
412,44.630404463
1516,43.376318875
1649,30.579490689
825,27.37680438
616,9.387038348
114,29.826777337
417,32.662985368
1625,30.579490689
3076,23.627453301
89,19.366197183
2082,49.090139653
753,31.978798587
2546,95.54973822
1630,26.567481403000002
11,30.313351499
2444,38.98872982
284,30.579490689
1066,70.98765432100001
1191,27.001270648000002
1440,61.860359336
2936,59.473884865
2935,30.579490689
3000,35.404141617
1568,35.294117647
2427,39.913700108
2702,23.372287145
1687,21.804685688000003
851,13.961218837
2207,60.557218513
895,19.377839112
496,16.165921613
2305,25.575118879
1782,22.418328831
335,33.347324543
515,41.560250755
1348,11.156186613
1015,53.901131626
2943,8.2354029796
2938,33.770361541999996
1781,10.638138251
2569,46.94996573
1785,10.436498046
2070,7.3470081114
356,32.921239061
2987,18.421052632000002
1312,31.948689850999997
1635,30.579490689
550,24.735424886
2388,30.579490689
2479,34.390750074
2521,6.3946748439
2265,28.740787645
1227,3.55833168
2810,16.423357664
957,23.835920177
1773,19.34283943
2141,33.759929391
1008,46.389673255
1092,49.779458096999996
2804,30.579490689
996,42.22972973
1679,22.677395757
153,33.985213451
2917,11.34751773
580,28.679245283
1470,43.771043771
703,16.655562958
1212,18.12415043
896,30.579490689
487,49.498473615
559,25.165562914
1141,30.707070707
1119,48.665089556999995
512,51.493383743
633,20.674582078
2709,54.845456658
1664,15.019762845999999
1012,40.080160321
1931,45.528017241
1150,21.332335329
2940,78.521126761
116,47.161572052
740,20.075647367
2896,12.015825722
1974,22.526636225
1081,49.200492005
1810,4.9964311206
830,19.225634179
119,52.393857272
656,29.348295209
2865,12.604484543
2822,28.843203437
3069,14.765270066
635,46.622665356
369,18.163194381
268,30.579490689
2703,47.037857104
46,44.603336738
991,43.338683788
876,26.863666891
773,41.424802111
1219,15.7731207
1126,52.197802198000005
4,35.600555238
1595,30.579490689
2311,4.5175146264
3008,38.716733503
2491,24.673439768
1077,59.274399591000005
837,18.384131592
681,29.827999129
1715,27.422303473000003
2352,42.874613337
2617,55.451644845
2361,23.525286761
2197,49.769438701999995
1148,29.848459702
574,36.786583717
50,37.891388985
853,20.484708598
1982,33.995104705
1823,42.843691149
833,14.263881814
1115,25.791624106
1166,54.303278688999995
2518,36.820371645
1906,27.501185396
971,25.875190259
2701,60.862555421
399,55.992375506
2559,59.179048099
2368,26.515151515
19,50.897401554
684,24.101292066
35,43.307086614
2964,30.579490689
524,57.124921532
2455,34.638311584
920,31.315240084
1841,8.961645684
1890,25.288485146
537,57.281229125
1705,30.579490689
3068,7.7665827036
245,22.147147147
784,33.578509754
1409,58.160389443999996
2537,36.487470513000005
154,52.027972028
1686,21.237303786
625,33.764367816
2733,28.42377261
3012,49.756437022
1346,17.209588199000002
569,21.186440678
3070,14.867982569
1758,32.530904359000004
1816,43.052619869
2065,20.276575889
127,42.455102181
3118,20.837494175
2006,34.934497817
980,39.867109635
3115,20.046620047
190,14.506427645
1139,42.873367405
992,54.285086032
699,37.416187739
606,27.801179444
180,49.547962898
301,30.579490689
2544,28.46975089
2910,36.56034322
1060,46.076313895
2954,31.942789035
3014,58.779982233
2565,12.318694743
1069,68.742878845
2524,68.035330628
2205,41.715859898000005
1243,34.217362024
16,33.979293868
3121,39.93796045
546,31.178393965
658,44.284243048
2836,32.550693703
2868,21.863612701999998
1504,20.555644773
959,11.895910781
2331,40.184786736
797,6.0868389017
225,11.996238581
2074,21.053198363
1799,45.097227968999995
2485,46.384479718
3101,23.744911805
2277,17.485914125
2085,16.303095072999998
1693,42.644077614000004
2797,33.176248822
1045,24.945770065
469,36.106750392
954,38.924455826
3117,14.584250967000001
2735,23.084025854
639,22.54410062
2913,42.282897231999996
1218,13.903887689000001
1158,41.92472606
1415,39.429417306
2845,44.673539518999995
1527,19.649874955
3058,14.98351813
1300,12.147474604000001
3002,18.537590113
1603,30.579490689
160,52.445492045
1704,26.400515132
956,32.528856243
3052,12.569316080999998
877,16.823687752
1919,24.492962429000002
1884,19.002189553
2200,54.71007513
98,20.896786816
2962,30.695770805
2557,60.352831941000005
253,30.579490689
103,28.484793761
1445,21.052206239
1443,36.960985625999996
1648,22.448979591999997
586,14.955134596
627,36.159600998
1696,30.579490689
2101,25.44890841
2199,45.564304461999996
403,44.465468307
1154,43.080939948
2255,36.714975845
2863,29.849236062
1682,26.970954356999997
2056,34.409020218
2979,21.89114728
452,38.880248834
2301,21.731168355999998
1327,10.893136315
2049,33.061889251
880,20.959290609
3055,15.196078430999998
623,32.206119163
2393,27.072758037
2906,16.200294551
1787,3.7245382857
262,4.7001097553
1634,26.836158192
1438,38.397514149
2198,55.281765588
1969,33.014511873000004
2520,45.927045926999995
1802,41.668749270999996
640,26.148161182
2385,30.579490689
2598,43.62416107399999
2965,45.158869152
1959,24.146114951999998
488,22.139534884
1843,19.602391214
1734,27.573529412
146,45.813586098
1534,18.701870187
1986,41.732851986
1369,20.007082153
2450,46.856742229
3073,24.00990099
2811,23.556016207
659,14.732965009
1794,9.5486111111
2511,30.067324661999997
186,13.061841135
1147,29.740625238000003
608,18.073072422
2191,51.211390516
2799,23.876721608
1930,20.358117454000002
197,17.202950871
2327,47.88213628
293,3.895184136
766,37.558685446
400,46.439628483
122,41.450777202
202,35.648842246
835,18.736988203
2294,36.768130939
1439,48.664471277
1733,9.896990507
1695,27.359781121999998
3065,30.579490689
1707,21.932114883
3050,19.615099926
1153,59.925093633
1661,30.579490689
2432,30.263549731999998
1759,39.50834065
854,9.5087163233
1589,42.441860465
2267,25.976095618000002
641,10.244547257
1,29.594009426
2160,39.950062421999995
698,28.850452185
1636,29.143897996
1291,33.908691656
2991,45.539164307
2489,47.238053485
1520,26.402640264000002
1853,8.2298442736
1136,41.761926536
3035,45.692883895
1631,11.620185923
1998,15.170173186
663,26.014978321
683,28.52962692
1257,21.86204297
317,18.924475303
648,25.140490979
1434,49.342920903
1479,57.367149758000004
709,40.018613309
1282,11.314532636
1768,8.3728603836
972,34.537152345
2675,50.704225351999995
2680,43.52741662
1306,22.294022617
1400,21.697203471999998
1408,39.71318257
2237,40.544437395
1496,22.89679098
2038,13.057671382
1529,42.642924086
1663,19.168839135
1354,12.762078396
3061,12.295950816
3082,19.830871844
1643,25.954198473
1051,32.101372755999996
795,18.304512864
2693,75.610203707
1597,41.589501245
2604,67.577639752
2729,26.14379085
2625,33.744855967
1819,44.583403751999995
1722,17.955112219
1183,20.304568528
2572,34.048257373
1059,54.502923976999995
540,24.349917331
1678,30.579490689
2796,13.583096590999999
3025,41.234887737
2532,18.897230132
1757,43.280182232
1923,25.300204748000002
95,37.790697674
1020,49.21579232
563,30.579490689
2790,25.368731563
863,14.713258652
1484,24.973147154
2939,42.997542998
1881,24.161828058
1038,51.015096304
206,7.4679647196
392,31.679764244
2842,24.691358025
870,27.977639286
397,44.573234984
2814,14.495140832999999
3018,44.286279162
1028,64.02048655600001
2690,64.242424242
1485,20.637898687
2660,23.724792408000003
960,32.342657343
1570,38.4406165
2773,56.637970095
1895,22.560335782
2731,34.077555817
2146,41.800756799
804,13.193925815
1751,30.579490689
2454,40.404970086999995
502,34.401508011
2977,31.615554853000003
779,34.439574202
1863,16.514663431
200,42.854178349
2182,33.919084593
2088,34.193998604
2278,19.89356837
1796,30.579490689
378,14.129836692
2336,34.668319092
418,64.178127046
1698,21.091242549
391,17.80926848
2640,30.579490689
1522,40.371417037
1162,41.847779766
1495,26.402640264000002
2695,30.579490689
2027,19.963702359000003
1152,43.138905982
1367,21.526418786999997
2568,26.931743839
64,32.526671871
2062,26.559674503000004
1180,17.850263259000002
492,45.143331762
379,47.061882475
2235,30.579490689
763,19.835017147
2264,11.073712555
791,28.277634961
1076,40.322580645
878,35.509885536
337,62.58322237
2767,55.30388826
2343,35.211267606
1016,59.991273997
1275,14.631685165999999
455,36.037671621
815,22.664015905
2317,32.534685621
995,37.232960326
1981,14.137776155
201,40.112931179
161,41.293874742
1579,31.774366298
2777,41.031652989
2449,34.722222222
702,13.30811322
1500,42.971595047
1129,28.920686553000003
2613,41.640200438
1021,42.846212701
1585,43.301069791
1955,39.665970772
2253,10.866624583
34,38.258990863
775,18.067740544
2556,46.12664738
1478,36.771728749
3003,46.189376443
1390,25.919117646999997
2139,25.772847189
1363,26.207729469
2945,53.521793128
2612,64.910432034
2824,23.308171103000003
2041,16.819571865
241,20.229776379
2061,27.910549676
2363,57.897545358
600,19.96420212
2435,36.24813154
1297,29.118773945999997
2214,29.954469207
2888,21.774193548000003
2068,21.543985637
646,26.857393081
1528,51.137696458
2879,8.5922582885
1267,9.5339314182
1899,31.010355444
562,30.579490689
3104,36.411784177
2734,37.191564878
3005,39.682539683
189,19.145961063
1806,30.579490689
975,64.079273328
2747,52.45114844
2047,9.390998461
2558,24.895843918
1082,31.21549734
474,22.820442744
2904,18.182970096
747,33.443240697
2300,18.108651911
21,44.529863986
459,35.845213849
1184,19.618055555999998
2324,27.472527473000003
955,27.419354839
1215,19.149878238
2433,34.017234304
2853,21.686746988000003
1515,45.151033386
2391,12.834224599
769,33.644272089
1685,30.579490689
130,29.131985731
2919,18.080769301
2135,70.688464195
1482,60.945709281999996
330,21.587129183
1238,19.632821281
466,59.451659452
2169,35.727717186999996
1638,15.162813820999999
3092,3.6275695283999996
1095,18.261344997000002
1130,64.968152866
1294,36.730470771
860,27.182866557
